Student_ID,Attendance_Rate,quiz1_score out of 15,quiz2_score out of 15,assignment_score out of 10,total score,performance
S147,68.26784098370288,4,2,5,43,fail
S136,78.22292712613206,10,13,5,59,poor
S209,87.52509623826568,10,13,1,101,good
S458,92.07648301550216,4,9,0,94,average
S078,98.65551746350522,11,8,0,46,fail
S417,84.15919282227406,0,12,8,54,fail
S302,89.38949443572463,15,8,1,114,good
S009,50.68359824134986,15,5,5,52,fail
S044,80.8631856048646,10,1,4,32,fail
S331,65.49684631343055,10,2,8,107,good
S451,69.83246865260271,9,9,1,44,fail
S059,92.10457075093548,0,1,1,62,poor
S315,78.88159770457736,3,4,0,49,fail
S295,66.60732063274695,0,1,9,68,poor
S141,62.21765777323273,3,13,0,51,fail
S274,55.03973015079433,4,10,10,108,good
S327,93.0316008945367,13,5,0,54,fail
S413,71.08519672766408,1,4,9,57,fail
S452,97.70434682698166,4,7,5,52,fail
S386,85.19730675692547,4,0,4,12,fail
S458,92.07648301550216,11,12,5,94,average
S079,80.09676977704801,5,9,2,63,poor
S375,97.22048627886367,0,9,2,79,average
S384,93.82220379376469,11,13,7,76,average
S207,89.07572408757075,14,13,2,92,average
S071,70.01502444551407,10,6,5,40,fail
S489,99.0288400089994,3,13,5,42,fail
S066,78.98249672358692,3,4,9,81,average
S018,68.89252746378932,7,0,0,47,fail
S015,79.25747661627359,8,7,5,86,average
S155,50.91212407141805,8,7,8,83,average
S159,78.799920890283,4,1,1,42,fail
S368,77.8360792391683,11,8,7,39,fail
S104,96.20208795537168,14,15,2,42,fail
S329,59.2231435709428,10,5,3,121,good
S397,93.05340099873608,14,3,8,58,fail
S097,68.86429826210363,7,4,4,85,average
S112,84.35827527016656,1,9,6,62,poor
S370,90.26574836789526,13,13,2,129,good
S463,73.71186543501848,11,0,8,54,fail
S060,88.44588706576988,14,4,8,100,average
S041,81.96806784871211,4,15,3,64,poor
S097,68.86429826210363,10,5,3,111,good
S216,65.80982911482474,5,11,3,76,average
S430,86.60922892295312,15,0,8,91,average
S377,70.3196154136761,14,1,3,104,good
S187,60.08652311651179,8,1,8,67,poor
S233,66.64078929562422,4,4,3,51,fail
S166,85.92286354182768,2,13,9,55,fail
S207,89.07572408757075,10,7,6,75,average
S419,76.48308393275406,11,10,9,105,good
S033,90.81928676065311,0,4,0,102,good
S185,77.43015589690766,10,7,4,89,average
S057,89.82358878369386,9,15,10,75,average
S372,80.15987010884898,8,3,0,94,average
S395,88.69172616006702,12,4,8,92,average
S211,91.25663383463989,12,7,9,42,fail
S361,62.69442820216521,4,13,4,67,poor
S382,92.40640477334418,0,8,10,50,fail
S389,66.79329285749175,2,0,6,37,fail
S387,95.5312001770152,4,3,0,38,fail
S380,81.66203874554803,3,11,7,92,average
S020,60.25226642532625,8,8,4,68,poor
S445,91.85394953515149,9,14,6,120,good
S380,81.66203874554803,4,5,6,93,average
S099,93.41505535177934,1,14,1,53,fail
S448,86.07664305609528,14,9,8,64,poor
S408,87.08434721143328,2,11,4,83,average
S089,56.43741991498219,7,7,8,96,average
S049,54.55010455256652,6,2,5,90,average
S194,80.30509405279193,13,8,2,81,average
S121,59.1141939237979,10,4,1,51,fail
S362,59.80565498467264,6,6,3,50,fail
S322,60.634039217061314,3,6,6,45,fail
S499,73.66050590406667,12,9,9,77,average
S251,76.82406757422973,8,3,9,108,good
S314,62.4113221378576,3,0,9,61,poor
S200,96.64690335499772,12,8,3,79,average
S399,98.7273632599435,14,13,1,81,average
S072,84.88337868484659,6,2,7,72,average
S162,98.75335814725712,15,0,1,66,poor
S440,97.93135886566102,8,15,1,89,average
S139,94.98236985725062,11,6,8,99,average
S449,80.52023335039789,12,3,2,102,good
S108,86.02580306957324,5,14,6,99,average
S476,65.72982784047055,3,1,4,81,average
S068,76.8631708357035,8,5,9,56,fail
S178,54.36450897948377,5,7,10,40,fail
S406,74.2389183575173,10,6,10,52,fail
S340,79.37268021170371,7,5,7,57,fail
S368,77.8360792391683,11,12,5,88,average
S370,90.26574836789526,8,15,4,65,poor
S379,54.346250747517466,13,7,3,41,fail
S246,60.22722965847316,10,4,9,75,average
S164,86.14480483108878,11,6,6,54,fail
S008,56.69260594003166,6,14,0,70,poor
S051,77.37231534495558,12,2,4,52,fail
S142,74.91238489244701,8,11,7,49,fail
S394,67.25960724406377,6,11,7,73,average
S045,99.02313625461888,2,14,2,62,poor
S013,87.49553747349859,11,14,6,50,fail
S085,77.43576546037043,3,1,10,79,average
S300,87.21248259216443,0,13,0,73,average
S438,71.10180297753436,13,10,3,83,average
S439,67.69356882806247,7,12,3,75,average
S012,76.71731375147316,10,5,2,93,average
S366,78.47217588817502,6,0,2,96,average
S380,81.66203874554803,13,2,8,60,poor
S180,96.60071711284672,5,4,2,64,poor
S486,87.95179227694248,9,3,2,84,average
S431,62.53653302807989,12,8,6,91,average
S160,95.86978065427658,4,0,10,66,poor
S353,94.87152049094422,14,7,3,113,good
S265,91.33994139045392,2,14,1,64,poor
S152,52.78267446784877,0,6,5,51,fail
S147,68.26784098370288,3,15,1,110,good
S259,88.59409902991226,2,0,8,51,fail
S429,63.32491966854411,6,10,8,98,average
S014,95.65828761288212,1,12,1,92,average
S159,78.799920890283,15,2,7,79,average
S482,54.33526059310918,11,8,7,98,average
S297,61.36978104385563,13,5,9,113,good
S055,76.18011380075056,13,9,0,52,fail
S207,89.07572408757075,7,6,10,91,average
S280,89.50423185620434,3,6,6,73,average
S034,98.39868827199116,7,5,4,75,average
S494,83.49587322750196,2,9,5,51,fail
S163,74.53743896293922,12,10,0,65,poor
S433,74.71369250691357,10,3,4,30,fail
S028,51.109237101515085,12,1,0,58,fail
S328,76.75348594668293,5,11,4,85,average
S355,90.03748857430605,2,9,9,83,average
S225,78.87431354530628,11,11,7,111,good
S160,95.86978065427658,9,5,9,51,fail
S213,61.78458730324999,2,6,4,69,poor
S435,91.9053481589148,15,0,7,100,average
S271,80.74751315763272,0,5,7,31,fail
S365,66.96356229480955,8,8,1,20,fail
S186,77.44609899444886,9,1,4,27,fail
S284,68.7217684860211,3,4,8,39,fail
S019,62.05424161648159,10,2,1,54,fail
S280,89.50423185620434,15,3,9,44,fail
S143,66.5174240640457,11,11,6,87,average
S299,68.96528491927744,10,1,10,116,good
S090,66.50497566550777,2,6,2,81,average
S214,81.68792818600886,8,11,3,69,poor
S369,86.04065481552533,10,9,5,44,fail
S375,97.22048627886367,9,10,5,102,good
S402,78.28883099832802,13,1,7,52,fail
S344,76.72279456286235,1,11,7,61,poor
S480,84.52801162228204,10,14,9,88,average
S279,95.93752611303732,6,11,9,89,average
S262,78.27541736614869,3,4,0,66,poor
S086,76.72117518662616,13,6,3,53,fail
S061,53.311798892593295,11,0,9,65,poor
S305,70.72522921018138,15,15,0,63,poor
S414,56.61381055626652,3,2,8,102,good
S228,76.5928739844087,0,8,6,30,fail
S335,67.46934995246664,12,8,8,104,good
S074,84.82507331135395,14,9,0,57,fail
S399,98.7273632599435,12,12,1,88,average
S216,65.80982911482474,11,15,1,110,good
S459,92.32039246572786,2,10,4,105,good
S493,52.5797903329355,0,2,6,69,poor
S367,94.37302412567516,14,3,0,91,average
S403,99.26836561208674,7,14,9,101,good
S035,54.42041116828233,7,10,9,86,average
S119,55.24345832662405,13,3,7,110,good
S003,69.64947244894296,15,3,7,85,average
S261,79.92213506026135,14,14,1,74,average
S264,79.95146823886633,12,6,9,70,poor
S478,98.10493928820588,15,0,3,103,good
S465,67.57700805671094,8,4,10,89,average
S365,66.96356229480955,14,7,5,120,good
S326,77.86526844450239,12,2,10,108,good
S298,80.39471968971293,14,5,2,83,average
S253,72.85001096408392,11,15,3,95,average
S223,76.98905309573165,10,9,3,106,good
S189,54.39340556213284,3,12,5,85,average
S124,54.46021643560281,2,12,5,75,average
S223,76.98905309573165,1,11,4,33,fail
S024,93.9110333739596,13,5,8,57,fail
S066,78.98249672358692,0,8,0,96,average
S457,58.10069389457923,11,7,4,70,poor
S487,86.20516646365692,4,7,2,93,average
S066,78.98249672358692,13,11,8,114,good
S130,82.4411420145788,6,4,8,72,average
S330,64.97979558832385,14,14,9,89,average
S119,55.24345832662405,8,3,4,84,average
S381,86.79523065980013,7,10,7,44,fail
S101,79.86390411277154,2,0,0,32,fail
S394,67.25960724406377,1,3,8,53,fail
S016,86.3060422035924,14,14,4,62,poor
S023,60.36138245040282,7,13,2,96,average
S091,66.07913823400145,6,14,8,75,average
S032,65.38886198855246,1,5,3,90,average
S043,95.15755293383133,14,14,7,77,average
S277,79.64814526294109,5,12,5,76,average
S268,61.36754915149935,14,10,10,127,good
S021,62.57212197558992,11,8,5,57,fail
S197,92.53637300082272,7,13,0,65,poor
S291,61.79530172975406,2,7,0,76,average
S263,85.80895373664761,13,8,0,42,fail
S368,77.8360792391683,1,11,0,28,fail
S342,85.7029599894914,5,1,6,53,fail
S324,98.77706578413782,14,10,5,97,average
S328,76.75348594668293,14,8,9,66,poor
S120,86.87026030469096,12,9,8,108,good
S333,71.33944526683747,5,9,3,42,fail
S077,75.76180274321055,13,6,10,67,poor
S016,86.3060422035924,10,6,8,72,average
S092,54.6145293114373,14,2,4,67,poor
S339,91.82824066461664,6,3,9,108,good
S084,51.590234074258255,13,8,10,68,poor
S258,70.44775885427467,5,4,1,89,average
S477,90.37151259083804,1,5,0,40,fail
S229,53.330955619540845,10,12,5,74,average
S237,93.93145576867192,5,9,2,78,average
S047,81.83221608111413,2,0,4,71,poor
S416,84.56109288048272,8,10,2,73,average
S428,63.18419013173082,5,15,4,95,average
S252,68.94107827784579,8,7,1,71,poor
S222,81.20507720909188,15,12,2,88,average
S302,89.38949443572463,15,6,7,68,poor
S390,91.25536657113298,7,12,10,99,average
S042,90.2522333759681,15,13,10,75,average
S332,69.8659057728799,15,7,5,80,average
S235,84.68588037016693,7,13,9,109,good
S387,95.5312001770152,3,8,10,49,fail
S345,74.0543974193793,11,3,7,98,average
S190,56.94123867210102,14,11,6,65,poor
S160,95.86978065427658,6,4,10,82,average
S349,66.71814056552411,4,13,3,95,average
S409,84.94229265804522,0,11,9,83,average
S341,64.70223396104858,11,12,7,44,fail
S156,84.84807311832108,4,3,8,96,average
S241,99.88463079619216,0,10,0,104,good
S011,84.5857198584456,7,8,2,46,fail
S313,95.63747314395644,1,2,6,44,fail
S126,61.66082057749006,3,12,7,84,average
S328,76.75348594668293,5,7,4,53,fail
S368,77.8360792391683,3,3,8,79,average
S339,91.82824066461664,6,7,9,95,average
S221,94.98337226460863,11,8,4,75,average
S192,55.83480320708407,14,1,8,89,average
S496,79.41318784849655,13,12,1,72,average
S370,90.26574836789526,0,7,1,14,fail
S017,87.85406010212279,10,13,3,68,poor
S101,79.86390411277154,7,5,3,41,fail
S175,76.49200115905583,15,0,2,113,good
S017,87.85406010212279,3,6,3,82,average
S459,92.32039246572786,9,9,2,83,average
S232,71.57640715682213,4,11,7,57,fail
S458,92.07648301550216,10,4,0,55,fail
S138,66.8723416935959,10,0,7,83,average
S254,80.19789360362563,0,3,1,51,fail
S469,72.98407563805655,9,0,3,44,fail
S329,59.2231435709428,2,12,1,65,poor
S027,63.433624101265366,2,13,7,38,fail
S360,77.58612976296699,15,15,6,77,average
S432,81.65490316787238,11,9,0,56,fail
S038,74.00229835092375,13,3,2,70,poor
S154,52.58177389372564,7,8,0,55,fail
S484,87.91962069728407,5,10,2,50,fail
S146,61.26663988562641,15,11,10,90,average
S294,91.8745394501246,11,7,3,75,average
S283,88.5623334259869,6,11,1,61,poor
S488,81.86157898947434,7,3,9,86,average
S434,78.66471890897003,10,6,8,83,average
S039,71.02678893325375,13,9,3,74,average
S023,60.36138245040282,10,9,4,47,fail
S498,77.79032907185898,6,1,8,34,fail
S234,86.52745684046508,10,12,0,45,fail
S369,86.04065481552533,5,3,4,80,average
S340,79.37268021170371,0,12,7,53,fail
S073,59.00336361746493,1,11,5,69,poor
S353,94.87152049094422,5,9,9,67,poor
S031,91.56857450312506,1,2,4,89,average
S125,76.76677820077617,0,12,3,69,poor
S410,70.12750217984903,2,14,9,82,average
S402,78.28883099832802,6,1,0,62,poor
S053,95.52356392016364,10,12,0,117,good
S351,87.66231103737255,2,0,1,46,fail
S391,68.15296060975453,1,1,5,92,average
S257,74.3178740997804,12,13,4,66,poor
S235,84.68588037016693,12,8,9,79,average
S181,66.03210960797571,13,4,5,46,fail
S445,91.85394953515149,10,15,8,95,average
S165,91.04307365766763,13,6,6,36,fail
S461,57.733607044161815,10,14,9,103,good
S354,76.32892333296469,6,10,3,69,poor
S446,71.85966981786217,11,15,10,39,fail
S324,98.77706578413782,12,5,1,107,good
S342,85.7029599894914,12,5,4,53,fail
S447,95.77568386459568,5,14,6,71,poor
S455,63.49556111960975,12,0,3,56,fail
S278,55.11063321125998,14,11,8,117,good
S094,84.38923585480416,15,10,0,117,good
S409,84.94229265804522,10,12,8,132,good
S226,67.7681225909198,10,2,10,106,good
S069,73.0059579491786,13,14,4,92,average
S450,97.46533985288828,6,2,6,52,fail
S092,54.6145293114373,2,14,2,60,poor
S026,52.34482338956099,6,3,4,83,average
S224,71.93723376941695,1,0,4,68,poor
S356,98.94657178079804,2,5,5,59,poor
S097,68.86429826210363,15,11,9,83,average
S321,61.00486070405485,11,15,2,99,average
S188,84.22857739399166,6,4,10,54,fail
S083,67.38096072413418,3,7,1,48,fail
S240,78.65754246286943,3,8,1,63,poor
S365,66.96356229480955,15,5,6,46,fail
S095,75.58285067736307,4,6,8,96,average
S408,87.08434721143328,6,4,10,66,poor
S289,95.53430991278566,11,15,2,86,average
S115,51.523607636679706,2,10,7,97,average
S325,72.94944940085065,11,1,4,25,fail
S327,93.0316008945367,6,8,9,79,average
S172,85.54762394183741,12,8,5,95,average
S441,59.21854603394816,1,14,1,66,poor
S198,87.2987262774359,14,3,4,82,average
S034,98.39868827199116,12,6,1,52,fail
S032,65.38886198855246,11,3,7,110,good
S103,76.82953229936663,15,7,10,90,average
S042,90.2522333759681,9,12,10,74,average
S282,82.5683605494123,2,0,9,85,average
S116,93.36074905373616,10,5,2,110,good
S436,70.21907507745121,5,7,2,101,good
S460,97.76181563617396,11,13,9,79,average
S338,68.88629737200847,7,2,7,47,fail
S244,88.92859695253756,11,7,8,39,fail
S048,77.74078042711128,9,1,1,45,fail
S006,53.17559147950007,14,4,8,51,fail
S052,72.54552237080522,15,8,10,110,good
S095,75.58285067736307,3,9,6,78,average
S470,53.79667051848111,1,3,8,27,fail
S147,68.26784098370288,5,1,0,35,fail
S355,90.03748857430605,4,15,4,41,fail
S316,58.27566587139869,5,7,3,101,good
S191,50.13554497071648,8,14,1,80,average
S347,88.26781405331204,6,3,2,57,fail
S104,96.20208795537168,15,3,9,58,fail
S127,67.14634321391301,11,14,8,67,poor
S151,90.29324433705716,9,5,10,82,average
S157,99.86277673841973,5,8,9,93,average
S044,80.8631856048646,7,12,6,83,average
S157,99.86277673841973,15,1,9,40,fail
S285,53.44607696836094,14,0,6,73,average
S300,87.21248259216443,4,5,2,76,average
S391,68.15296060975453,13,9,3,50,fail
S092,54.6145293114373,10,12,2,58,fail
S310,95.92273624696506,12,2,9,84,average
S270,64.3964808237863,4,13,1,78,average
S219,72.59743006495196,12,3,10,86,average
S391,68.15296060975453,9,5,4,95,average
S139,94.98236985725062,5,2,8,72,average
S173,59.97534636691599,0,13,7,103,good
S465,67.57700805671094,7,8,5,91,average
S222,81.20507720909188,9,6,1,106,good
S489,99.0288400089994,14,0,4,32,fail
S145,50.37671815670374,4,8,7,85,average
S249,87.73176459300583,3,6,7,107,good
S304,55.71336500278439,6,3,9,102,good
S371,99.43643909777214,6,0,5,43,fail
S140,80.37776111467863,10,2,1,111,good
S423,70.26240440138443,5,2,5,95,average
S001,68.83694849689704,11,0,2,52,fail
S412,82.25270838846647,8,13,7,80,average
S056,84.88209357467318,11,8,2,44,fail
S030,73.81053483945071,1,15,7,99,average
S397,93.05340099873608,5,6,3,58,fail
S113,92.22203363168144,12,13,4,79,average
S150,54.3943812270072,15,3,8,63,poor
S162,98.75335814725712,10,2,5,94,average
S218,84.14910317085662,9,6,3,78,average
S111,56.65584642937391,12,13,5,101,good
S248,74.69907435654314,8,1,8,48,fail
S067,67.07816052282725,3,13,2,95,average
S218,84.14910317085662,1,0,3,71,poor
S481,76.06503337067846,7,1,0,67,poor
S239,87.07304555695228,8,5,0,83,average
S238,74.77118132019828,15,12,8,78,average
S096,57.84888413580968,3,3,5,89,average
S419,76.48308393275406,12,11,2,91,average
S474,50.262690927919245,15,15,8,98,average
S446,71.85966981786217,11,7,2,64,poor
S495,52.208271885505006,7,11,5,95,average
S446,71.85966981786217,5,6,2,45,fail
S106,87.99777044687929,12,5,4,89,average
S319,89.02478537730438,14,4,9,101,good
S486,87.95179227694248,4,2,6,70,poor
S119,55.24345832662405,14,10,1,110,good
S088,94.71086314479628,9,3,0,69,poor
S286,53.866053274439366,14,6,9,73,average
S091,66.07913823400145,2,0,8,58,fail
S446,71.85966981786217,10,8,7,42,fail
S158,94.83051314870104,15,6,2,71,poor
S017,87.85406010212279,8,10,4,61,poor
S024,93.9110333739596,10,15,6,71,poor
S466,70.63967753033762,15,0,6,69,poor
S444,53.41248526770458,14,9,10,93,average
S376,57.05409243888568,10,0,1,82,average
S415,95.02861506181928,1,14,5,99,average
S247,85.70320411118071,13,8,5,36,fail
S188,84.22857739399166,5,4,5,57,fail
S392,51.71140554102646,10,10,10,70,poor
S486,87.95179227694248,13,7,6,114,good
S283,88.5623334259869,1,5,9,27,fail
S447,95.77568386459568,5,4,0,56,fail
S169,91.92912793513123,1,0,9,51,fail
S398,60.975526254047935,14,12,10,107,good
S065,60.45653955392571,4,1,2,86,average
S140,80.37776111467863,8,15,10,89,average
S255,75.11441737312651,6,13,7,93,average
S293,59.316043974706034,11,7,9,55,fail
S202,60.25009050266186,9,8,1,98,average
S491,82.33324595585816,2,5,8,77,average
S236,58.33653799966916,12,14,9,95,average
S364,79.75244898502103,0,5,9,79,average
S207,89.07572408757075,15,11,10,83,average
S437,88.54556885321352,10,14,5,107,good
S063,81.04028422110457,10,2,9,100,average
S290,56.14053909228669,13,9,6,46,fail
S464,67.21918660221166,6,1,7,74,average
S201,99.54647382286952,2,7,10,60,poor
S375,97.22048627886367,10,1,8,56,fail
S133,86.84112376974565,9,10,1,97,average
S036,89.59089197348165,10,11,0,56,fail
S397,93.05340099873608,9,9,8,120,good
S445,91.85394953515149,0,13,2,89,average
S160,95.86978065427658,5,0,3,93,average
S346,74.85059744106245,9,8,2,96,average
S162,98.75335814725712,13,14,8,104,good
S122,78.19825460094182,10,7,8,94,average
S069,73.0059579491786,8,4,7,41,fail
S308,73.28500611594066,5,10,10,98,average
S142,74.91238489244701,1,14,3,70,poor
S418,91.12919379558367,5,0,1,59,poor
S080,61.19245329531603,8,9,8,33,fail
S208,91.3970443588746,1,4,7,41,fail
S222,81.20507720909188,13,0,8,73,average
S307,96.14801158992424,12,15,8,108,good
S029,74.90825933229465,6,13,5,82,average
S279,95.93752611303732,12,11,8,95,average
S479,89.5006779395928,9,7,10,71,poor
S340,79.37268021170371,3,2,0,27,fail
S177,88.38897507214193,7,7,4,86,average
S424,74.87324469899453,0,10,1,62,poor
S092,54.6145293114373,3,2,0,48,fail
S400,88.98793873940154,4,4,10,91,average
S097,68.86429826210363,3,5,4,54,fail
S368,77.8360792391683,3,9,2,65,poor
S289,95.53430991278566,2,0,8,71,poor
S093,74.05726970281466,0,5,2,92,average
S399,98.7273632599435,11,7,4,64,poor
S241,99.88463079619216,5,11,3,108,good
S076,93.71588024272086,15,9,4,72,average
S207,89.07572408757075,4,8,10,33,fail
S468,79.91430291340774,7,1,4,47,fail
S312,51.64233351217192,9,9,8,112,good
S148,74.3904900404369,14,5,8,75,average
S070,79.23830529745769,13,15,10,90,average
S040,89.23341319721547,2,13,4,76,average
S467,85.24627748444766,12,14,7,96,average
S197,92.53637300082272,3,14,2,62,poor
S276,86.30477930312003,14,10,2,48,fail
S227,69.5741055100751,0,12,9,97,average
S235,84.68588037016693,10,4,8,76,average
S393,91.53272532826249,15,0,7,83,average
S283,88.5623334259869,10,7,1,116,good
S426,55.32893650643372,5,5,8,86,average
S396,68.13789473329727,5,2,3,58,fail
S411,60.90115537470432,8,10,10,87,average
S069,73.0059579491786,10,9,7,96,average
S405,59.105356941079165,5,6,6,42,fail
S342,85.7029599894914,4,13,0,66,poor
S205,86.07982753756386,8,10,2,33,fail
S050,86.31985163251142,9,14,8,103,good
S350,53.775168190194464,8,11,8,78,average
S403,99.26836561208674,8,0,3,51,fail
S454,74.18774709662064,1,12,0,68,poor
S025,87.84995660861144,7,15,4,69,poor
S494,83.49587322750196,15,11,3,103,good
S369,86.04065481552533,3,13,1,92,average
S144,96.68459118799372,11,9,6,107,good
S273,56.95580970715309,2,15,4,77,average
S421,74.90453767555029,9,3,1,69,poor
S058,72.96734039730862,6,0,2,38,fail
S359,70.39922476824223,7,13,2,68,poor
S240,78.65754246286943,7,14,4,78,average
S339,91.82824066461664,4,6,1,61,poor
S115,51.523607636679706,0,8,0,89,average
S198,87.2987262774359,10,0,2,102,good
S082,67.25413139111933,11,0,1,74,average
S101,79.86390411277154,7,7,1,84,average
S206,52.40473219820439,15,14,1,86,average
S323,75.75868412034063,13,13,5,86,average
S159,78.799920890283,5,4,1,106,good
S383,56.13884448313542,13,10,8,88,average
S339,91.82824066461664,10,9,5,79,average
S475,55.15468730068724,5,15,0,87,average
S301,60.27899041878187,9,14,4,82,average
S329,59.2231435709428,7,11,7,70,poor
S230,61.45126954623981,3,14,10,118,good
S201,99.54647382286952,4,7,10,76,average
S267,67.12621285892718,5,8,5,108,good
S489,99.0288400089994,0,7,5,54,fail
S022,63.73658985129544,9,10,4,49,fail
S287,55.21234830259048,2,2,8,59,poor
S042,90.2522333759681,4,4,4,42,fail
S011,84.5857198584456,7,9,8,71,poor
S087,67.7995742135993,10,0,3,56,fail
S231,77.14246553067045,11,13,9,106,good
S380,81.66203874554803,10,9,3,91,average
S373,90.3425074481293,6,11,3,122,good
S235,84.68588037016693,11,2,6,65,poor
S375,97.22048627886367,7,2,10,85,average
S342,85.7029599894914,7,2,0,43,fail
S137,68.93863129756447,14,11,3,101,good
S156,84.84807311832108,5,5,8,101,good
S179,75.30519781796735,4,8,8,65,poor
S399,98.7273632599435,13,13,0,52,fail
S217,79.41533378975284,15,7,0,44,fail
S260,50.61015361590223,12,4,4,122,good
S404,73.55327263469073,13,4,7,48,fail
S327,93.0316008945367,5,5,6,83,average
S348,55.14907396656578,14,1,0,32,fail
S204,96.32247117948556,2,0,9,89,average
S117,67.70733353965628,15,7,7,109,good
S310,95.92273624696506,13,5,9,77,average
S114,87.48081160042938,3,10,0,32,fail
S200,96.64690335499772,6,9,6,90,average
S456,76.99213894540966,2,3,8,70,poor
S010,53.76795301762312,13,10,10,106,good
S184,72.71339861095498,13,8,1,91,average
S153,92.11570176490908,8,14,0,54,fail
S130,82.4411420145788,13,4,4,30,fail
S099,93.41505535177934,12,2,8,76,average
S196,55.33496250567181,5,0,10,60,poor
S422,53.35876999578551,3,2,5,95,average
S401,55.71189629601984,0,7,3,94,average
S195,89.71447249832312,8,6,0,69,poor
S337,81.24879935255261,14,2,5,78,average
S318,65.57365855663787,8,10,2,110,good
S007,51.84109338179957,14,6,3,83,average
S490,95.16819063180124,7,4,10,49,fail
S078,98.65551746350522,6,15,7,97,average
S420,90.75272142012284,14,11,0,65,poor
S081,91.08953184222246,7,3,5,102,good
S378,66.19950305533999,6,4,1,75,average
S242,87.62015600194113,10,0,5,78,average
S102,99.31284979334076,12,2,4,43,fail
S280,89.50423185620434,7,0,8,31,fail
S437,88.54556885321352,9,0,10,90,average
S061,53.311798892593295,5,0,0,73,average
S110,57.38695459531134,2,12,2,110,good
S044,80.8631856048646,9,2,6,50,fail
S294,91.8745394501246,2,15,3,93,average
S360,77.58612976296699,5,15,9,118,good
S179,75.30519781796735,13,14,9,85,average
S309,74.04184890445367,14,13,5,55,fail
S371,99.43643909777214,10,0,10,67,poor
S193,73.65831005259462,2,12,9,75,average
S393,91.53272532826249,7,3,5,86,average
S388,81.23806355216256,11,7,0,53,fail
S123,92.03549929389656,14,7,8,72,average
S357,91.98944297282851,8,5,5,56,fail
S339,91.82824066461664,10,1,7,109,good
S328,76.75348594668293,13,3,0,66,poor
S310,95.92273624696506,2,0,7,53,fail
S360,77.58612976296699,7,2,4,95,average
S256,76.99303185564183,11,7,0,69,poor
S292,58.27602551836449,15,11,8,110,good
S002,87.4789149988036,11,10,9,72,average
S095,75.58285067736307,4,13,5,82,average
S243,85.34902306217296,8,13,5,73,average
S167,76.75183660224553,4,7,4,96,average
S471,53.888267203947855,6,7,3,34,fail
S311,79.35341120682835,0,5,7,92,average
S425,86.01012908161479,7,11,6,125,good
S462,81.16662754524954,10,3,4,38,fail
S168,73.8309742063206,8,13,5,108,good
S306,93.17590703064783,7,4,4,79,average
S394,67.25960724406377,4,15,0,57,fail
S220,85.6891227427663,6,5,7,53,fail
S400,88.98793873940154,13,8,8,111,good
S353,94.87152049094422,7,4,3,79,average
S017,87.85406010212279,0,1,3,67,poor
S250,55.14580153720725,7,0,3,36,fail
S347,88.26781405331204,14,7,6,95,average
S275,62.80077659268311,4,0,3,36,fail
S032,65.38886198855246,6,6,3,86,average
S317,51.69395801232975,8,5,10,108,good
S182,79.69415487789495,1,13,3,85,average
S128,73.69849707152781,9,15,9,85,average
S075,70.5830607178764,9,2,2,60,poor
S245,57.15639927742348,14,0,10,47,fail
S061,53.311798892593295,4,3,4,34,fail
S131,73.97910508771251,12,1,1,63,poor
S200,96.64690335499772,7,8,6,82,average
S107,76.5632876986767,10,2,10,78,average
S062,52.293063320231646,9,10,4,65,poor
S328,76.75348594668293,0,15,2,61,poor
S280,89.50423185620434,9,10,5,75,average
S211,91.25663383463989,10,14,9,108,good
S101,79.86390411277154,12,8,4,87,average
S161,50.26500031988027,0,9,6,77,average
S244,88.92859695253756,5,11,7,47,fail
S486,87.95179227694248,8,10,4,39,fail
S336,73.41159142206897,14,3,4,66,poor
S032,65.38886198855246,0,0,10,78,average
S266,97.95373972820138,8,9,5,66,poor
S032,65.38886198855246,2,8,3,56,fail
S409,84.94229265804522,9,7,2,49,fail
S399,98.7273632599435,5,11,1,72,average
S307,96.14801158992424,13,14,4,106,good
S244,88.92859695253756,6,7,1,54,fail
S169,91.92912793513123,13,15,10,114,good
S353,94.87152049094422,4,15,1,90,average
S367,94.37302412567516,2,7,3,60,poor
S129,67.75521516396523,8,13,9,75,average
S485,81.94746926671309,1,12,0,68,poor
S037,79.4977948568818,9,9,5,67,poor
S100,54.225850384034096,4,8,7,98,average
S132,79.20997423570847,13,9,7,82,average
S054,64.89797257709752,12,13,9,101,good
S374,98.13246592774374,10,2,5,112,good
S367,94.37302412567516,12,14,1,43,fail
S063,81.04028422110457,10,9,0,47,fail
S269,71.17984312102415,13,13,4,74,average
S210,89.97685654597578,12,2,10,64,poor
S385,82.14627818071267,12,12,10,75,average
S105,61.80582665587022,10,3,7,44,fail
S497,99.96767497829174,3,3,5,48,fail
S465,67.57700805671094,1,1,7,68,poor
S170,60.25387800747296,12,14,7,99,average
S199,70.42591464679585,10,13,7,65,poor
S183,68.46152407549481,4,8,10,79,average
S142,74.91238489244701,15,0,6,71,poor
S215,95.3933065231258,15,11,5,106,good
S066,78.98249672358692,5,5,3,60,poor
S347,88.26781405331204,3,4,4,43,fail
S437,88.54556885321352,11,15,9,103,good
S447,95.77568386459568,8,14,1,69,poor
S281,51.15113023938188,15,11,6,107,good
S360,77.58612976296699,13,15,5,81,average
S355,90.03748857430605,13,12,7,111,good
S235,84.68588037016693,0,4,0,36,fail
S370,90.26574836789526,2,11,2,85,average
S427,57.00092693302245,8,0,0,53,fail
S205,86.07982753756386,1,1,7,35,fail
S310,95.92273624696506,9,1,2,51,fail
S228,76.5928739844087,0,4,7,53,fail
S352,63.61509273601497,10,1,0,19,fail
S297,61.36978104385563,13,11,10,77,average
S417,84.15919282227406,4,2,1,49,fail
S272,95.59262044214825,12,13,0,72,average
S443,88.54929627677393,1,14,6,99,average
S313,95.63747314395644,15,3,9,110,good
S500,65.64274282527938,1,3,3,53,fail
S409,84.94229265804522,15,3,3,67,poor
S235,84.68588037016693,14,13,6,85,average
S303,80.18607658650694,12,15,5,54,fail
S228,76.5928739844087,7,8,0,62,poor
S363,75.2753939553017,12,4,5,76,average
S064,67.37067041127071,1,7,1,85,average
S453,56.75006387106035,5,9,9,121,good
S102,99.31284979334076,10,2,5,62,poor
S005,78.45407345828738,11,11,1,56,fail
S103,76.82953229936663,9,7,2,50,fail
S296,65.57221320228206,2,6,6,55,fail
S320,63.87935863147091,1,0,5,94,average
S343,76.38238650723929,8,10,0,85,average
S188,84.22857739399166,2,4,5,78,average
S171,98.3997033252117,15,1,3,96,average
S288,92.02198159902116,0,11,10,55,fail
S174,86.81235918492442,6,10,5,77,average
S456,76.99213894540966,5,1,10,62,poor
S380,81.66203874554803,8,9,1,66,poor
S203,68.96142924819003,6,1,10,31,fail
S339,91.82824066461664,12,10,3,91,average
S329,59.2231435709428,5,5,7,52,fail
S334,89.98910110371347,7,13,5,101,good
S098,50.12975121918232,2,5,9,105,good
S135,79.32677173303796,10,14,8,52,fail
S355,90.03748857430605,4,7,10,96,average
S212,59.320249339407205,12,15,7,105,good
S303,80.18607658650694,0,2,6,88,average
S172,85.54762394183741,12,1,0,60,poor
S134,77.88711329752186,8,4,4,53,fail
S483,97.90853965019652,9,2,4,106,good
S176,85.36150478222223,3,12,6,58,fail
S307,96.14801158992424,7,14,5,45,fail
S004,91.45821103532572,13,4,3,101,good
S109,53.11706812556207,3,10,6,65,poor
S198,87.2987262774359,13,11,9,43,fail
S407,75.62288279409609,15,12,1,82,average
S183,68.46152407549481,15,5,0,70,poor
S472,50.11696953128892,11,14,1,72,average
S442,54.5168480288804,3,10,6,77,average
S149,92.5408758918073,5,8,4,74,average
S118,69.85819162520413,9,1,3,47,fail
S358,93.34968800057618,4,3,8,81,average
S492,84.65876057284623,11,10,1,61,poor
S301,60.27899041878187,10,1,2,14,fail
S473,98.38496941035432,10,2,4,67,poor
S307,96.14801158992424,10,13,10,71,poor
S046,80.40439247709426,15,7,7,101,good
